{
    "$schema": "https://schema.management.azure.com/schemas/2015-01-01/deploymentParameters.json#",
    "contentVersion": "1.0.0.0",
    "parameters": {
        "location": {
            "value": "northeurope"
        },
        "cloudGuardVersion": {
            "value": "R80.10 - Bring Your Own License"
        },
        "adminPassword": {
            "value": null
        },
        "authenticationType": {
            "value": "password"
        },
        "vmName": {
            "value": "testFirewall1"
        },
        "vmSize": {
            "value": "Standard_D3_v2"
        },
        "sicKey": {
            "value": null
        },
        "virtualNetworkName": {
            "value": "N-EU_CSS_EDMZ_01_N"
        },
        "Subnet1Name": {
            "value": "N-EU_CSS_EDMZF_01_N"
        },
        "Subnet1Prefix": {
            "value": "192.168.28.0/24"
        },
        "Subnet1StartAddress": {
            "value": "192.168.28.4"
        },
        "Subnet2Name": {
            "value": "N-EU_CSS_EDMZB_01_N"
        },
        "Subnet2Prefix": {
            "value": "192.168.29.0/24"
        },
        "Subnet2StartAddress": {
            "value": "192.168.29.4"
        },
        "vnetNewOrExisting": {
            "value": "existing"
        },
        "virtualNetworkExistingRGName": {
            "value": "NET_N-EU-CSS_01_N"
        },
        "allowDownloadFromUploadToCheckPoint": {
            "value": "true"
        },
        "additionalDiskSizeGB": {
            "value": 0
        },
        "diskType": {
            "value": "Standard_LRS"
        }
    }
}