{
    "$schema": "https://schema.management.azure.com/schemas/2015-01-01/deploymentParameters.json#",
    "contentVersion": "1.0.0.0",
    "parameters": {
        "location": {
            "value": "northeurope"
        },
        "cloudGuardVersion": {
            "value": "R80.20 - Bring Your Own License"
        },
        "adminPassword": {
            "value": null
        },
        "authenticationType": {
            "value": "password"
        },
        "vmName": {
            "value": "NetwSecurityFwMgm01"
        },
        "vmSize": {
            "value": "Standard_D3_v2"
        },
        "virtualNetworkName": {
            "value": "N-EU_CSS_EDMZ_01_N"
        },
        "Subnet1Name": {
            "value": "N-EU_CSS_EDMZB_01_N"
        },
        "Subnet1Prefix": {
            "value": "192.168.29.0/24"
        },
        "Subnet1StartAddress": {
            "value": "192.168.29.4"
        },
        "vnetNewOrExisting": {
            "value": "existing"
        },
        "virtualNetworkExistingRGName": {
            "value": "NET_N-EU-CSS_01_N"
        },
        "managementGUIClientNetwork": {
            "value": "0.0.0.0/0"
        },
        "allowDownloadFromUploadToCheckPoint": {
            "value": "true"
        },
        "additionalDiskSizeGB": {
            "value": 0
        },
        "diskType": {
            "value": "Standard_LRS"
        }
    }
}